{
  "Base": {
    "avg_logp_chosen": -139.80877919578552,
    "avg_logp_rejected": -148.10641236448288,
    "avg_margin": 8.297633168697358,
    "preference_accuracy": 0.52,
    "chosen_logp": {
      "mean": -139.80877919578552,
      "median": -114.611572265625,
      "std": 118.92843225802052,
      "min": -667.63525390625,
      "max": -3.316067695617676
    },
    "rejected_logp": {
      "mean": -148.10641236448288,
      "median": -108.95483016967773,
      "std": 134.84137907796864,
      "min": -685.98828125,
      "max": -1.5733444690704346
    },
    "margin": {
      "mean": 8.297633168697358,
      "median": 2.6797256469726562,
      "std": 137.89396001449467,
      "min": -502.49122619628906,
      "max": 517.1082763671875
    },
    "n": 500,
    "delta_vs_base": null,
    "fraction_delta_positive": null
  },
  "lr1e6": {
    "avg_logp_chosen": -139.8155254702568,
    "avg_logp_rejected": -148.13017514419556,
    "avg_margin": 8.314649673938751,
    "preference_accuracy": 0.52,
    "chosen_logp": {
      "mean": -139.8155254702568,
      "median": -114.44609069824219,
      "std": 118.9495841884839,
      "min": -667.5718994140625,
      "max": -3.3226683139801025
    },
    "rejected_logp": {
      "mean": -148.13017514419556,
      "median": -109.01902389526367,
      "std": 134.8711638632151,
      "min": -686.6390991210938,
      "max": -1.5118937492370605
    },
    "margin": {
      "mean": 8.314649673938751,
      "median": 2.6980648040771484,
      "std": 137.93451677228185,
      "min": -502.97367095947266,
      "max": 517.0099792480469
    },
    "n": 500,
    "delta_vs_base": {
      "mean": 0.01701650524139404,
      "median": 0.0126495361328125,
      "std": 0.453579181419656,
      "min": -1.630767822265625,
      "max": 1.491546630859375
    },
    "fraction_delta_positive": 0.514
  },
  "lr2e5": {
    "avg_logp_chosen": -141.49360234737395,
    "avg_logp_rejected": -149.86042098855972,
    "avg_margin": 8.36681864118576,
    "preference_accuracy": 0.52,
    "chosen_logp": {
      "mean": -141.49360234737395,
      "median": -117.01182556152344,
      "std": 120.31901325028156,
      "min": -676.2529296875,
      "max": -2.9410901069641113
    },
    "rejected_logp": {
      "mean": -149.86042098855972,
      "median": -110.04280853271484,
      "std": 136.42608557953653,
      "min": -691.6771240234375,
      "max": -1.1987173557281494
    },
    "margin": {
      "mean": 8.36681864118576,
      "median": 2.8631973266601562,
      "std": 139.58521517205884,
      "min": -505.0611877441406,
      "max": 523.6966400146484
    },
    "n": 500,
    "delta_vs_base": {
      "mean": 0.06918547248840332,
      "median": 0.00805521011352539,
      "std": 2.2350657284849356,
      "min": -8.025970458984375,
      "max": 8.723075866699219
    },
    "fraction_delta_positive": 0.5
  }
}